# epoche	datei	url	lizenz	titel
barock	albinoni-concerto-for-oboe-and-strings-no-2-in-d-minor-op-9-ii-adagio	https://upload.wikimedia.org/wikipedia/commons/d/da/Albinoni%2C_Concerto_for_Oboe_and_Strings_No._2_in_D_minor%2C_Op._9%2C_II._Adagio.ogg	CC0	Albinoni, Concerto for Oboe and Strings No. 2 in D minor, Op. 9, II. Adagio.ogg
barock	antonio-vivaldi-mandolin-concerto-in-c-major-rv-425	https://upload.wikimedia.org/wikipedia/commons/6/60/Antonio_Vivaldi%2C_Mandolin_Concerto_in_C_major%2C_RV_425.ogg	PDM-owner	Antonio Vivaldi, Mandolin Concerto in C major, RV 425.ogg
barock	bach-bwv-147-10-jesus-bleibet-meine-freude	https://upload.wikimedia.org/wikipedia/commons/2/27/Bach%2C_BWV_147%2C_10._Jesus_bleibet_meine_Freude.ogg	CC0	Bach, BWV 147, 10. Jesus bleibet meine Freude.ogg
barock	bach-j-s-goldberg-variations-bwv988-01-aria	https://upload.wikimedia.org/wikipedia/commons/e/e6/Bach%2C_J_S_-_Goldberg_Variations%2C_BWV988_-_01._Aria_%28Shelley_Katz%29.flac	Public domain	Bach, J S - Goldberg Variations, BWV988 - 01. Aria (Shelley Katz).flac
barock	bach-j-s-goldberg-variations-bwv988-04-variation-3-canon-on-the-unison	https://upload.wikimedia.org/wikipedia/commons/f/ff/Bach%2C_J_S_-_Goldberg_Variations%2C_BWV988_-_04._Variation_3._Canon_on_the_unison_%28Shelley_Katz%29.flac	Public domain	Bach, J S - Goldberg Variations, BWV988 - 04. Variation 3. Canon on the unison (Shelley Katz).flac
barock	bach-j-s-goldberg-variations-bwv988-08-variation-7	https://upload.wikimedia.org/wikipedia/commons/e/e8/Bach%2C_J_S_-_Goldberg_Variations%2C_BWV988_-_08._Variation_7_%28Shelley_Katz%29.flac	Public domain	Bach, J S - Goldberg Variations, BWV988 - 08. Variation 7 (Shelley Katz).flac
barock	bach-j-s-goldberg-variations-bwv988-14-variation-13	https://upload.wikimedia.org/wikipedia/commons/1/1c/Bach%2C_J_S_-_Goldberg_Variations%2C_BWV988_-_14._Variation_13_%28Shelley_Katz%29.flac	Public domain	Bach, J S - Goldberg Variations, BWV988 - 14. Variation 13 (Shelley Katz).flac
barock	bach-j-s-goldberg-variations-bwv988-16-variation-15-canon-on-the-fifth	https://upload.wikimedia.org/wikipedia/commons/8/8a/Bach%2C_J_S_-_Goldberg_Variations%2C_BWV988_-_16._Variation_15._Canon_on_the_fifth_%28Shelley_Katz%29.flac	Public domain	Bach, J S - Goldberg Variations, BWV988 - 16. Variation 15. Canon on the fifth (Shelley Katz).flac
barock	bach-j-s-goldberg-variations-bwv988-22-variation-21-canon-on-the-seven	https://upload.wikimedia.org/wikipedia/commons/5/5e/Bach%2C_J_S_-_Goldberg_Variations%2C_BWV988_-_22._Variation_21._Canon_on_the_seventh_%28Shelley_Katz%29.flac	Public domain	Bach, J S - Goldberg Variations, BWV988 - 22. Variation 21. Canon on the seventh (Shelley Katz).flac
barock	bach-j-s-goldberg-variations-bwv988-26-variation-25	https://upload.wikimedia.org/wikipedia/commons/d/df/Bach%2C_J_S_-_Goldberg_Variations%2C_BWV988_-_26._Variation_25_%28Shelley_Katz%29.flac	Public domain	Bach, J S - Goldberg Variations, BWV988 - 26. Variation 25 (Shelley Katz).flac
barock	bach-j-s-goldberg-variations-bwv988-32-aria-da-capo	https://upload.wikimedia.org/wikipedia/commons/8/8c/Bach%2C_J_S_-_Goldberg_Variations%2C_BWV988_-_32._Aria_Da_Capo_%28Shelley_Katz%29.flac	Public domain	Bach, J S - Goldberg Variations, BWV988 - 32. Aria Da Capo (Shelley Katz).flac
barock	byrd-4-part-mass-agnus-dei	https://upload.wikimedia.org/wikipedia/commons/7/78/Byrd_4-Part_Mass_-_Agnus_Dei.ogg	CC BY 3.0	Byrd 4-Part Mass - Agnus Dei.ogg
barock	bach-goldberg-variations-aria	https://upload.wikimedia.org/wikipedia/commons/a/af/Bach%2C_Goldberg_Variations%2C_Aria_%28Musopen_version%29.ogg	CC0	Bach, Goldberg Variations, Aria (Musopen version).ogg
klassik	beethoven-piano-sonata-no-28-in-a-major-op-101-iii-langsam-und-sehnsuc	https://upload.wikimedia.org/wikipedia/commons/9/95/Beethoven_-_Piano_Sonata_No._28_in_A_Major%2C_Op._101_-_III._Langsam_und_sehnsuchtsvoll.ogg	Public domain	Beethoven - Piano Sonata No. 28 in A Major, Op. 101 - III. Langsam und sehnsuchtsvoll.ogg
klassik	beethoven-string-quartet-no-6-in-b-flat-major-op-18-no-6-ii-adagio-ma-	https://upload.wikimedia.org/wikipedia/commons/3/33/Beethoven_-_String_Quartet_No._6_in_B_flat_major%2C_Op._18_No._6_-_II._Adagio%2C_ma_non_troppo_%28Musopen_String_Quartet%29.flac	Public domain	Beethoven - String Quartet No. 6 in B flat major, Op. 18 No. 6 - II. Adagio, ma non troppo (Musopen String Quartet).flac
klassik	beethoven-op-73-2-adagio	https://upload.wikimedia.org/wikipedia/commons/4/43/Beethoven_Op._73_-_2_Adagio.ogg	CC BY-SA 3.0	Beethoven Op. 73 - 2 Adagio.ogg
klassik	beethoven-sonata-no-8-in-c-minor-pathetique-op-13-ii-adagio-cantabile	https://upload.wikimedia.org/wikipedia/commons/6/63/Beethoven%2C_Sonata_No._8_in_C_Minor_Pathetique%2C_Op._13_-_II._Adagio_cantabile.ogg	CC0	Beethoven, Sonata No. 8 in C Minor Pathetique, Op. 13 - II. Adagio cantabile.ogg
klassik	clementi-sonatina-n-1-2-mov-andante	https://upload.wikimedia.org/wikipedia/commons/b/b3/Clementi%2C_Sonatina_N.1_-_2_Mov._Andante.ogg	CC0	Clementi, Sonatina N.1 - 2 Mov. Andante.ogg
klassik	haydn-string-quartet-op-64-no-5-in-d-major-the-lark-ii-adagio-cantabil	https://upload.wikimedia.org/wikipedia/commons/4/45/Haydn_-_String_Quartet%2C_Op._64_No._5_in_D_major_%27The_Lark%27_-_II._Adagio._Cantabile_%28Musopen_String_Quartet%29.flac	Public domain	Haydn - String Quartet, Op. 64 No. 5 in D major 'The Lark' - II. Adagio. Cantabile (Musopen String Quartet).flac
klassik	ludwig-van-beethoven-piano-concerto-no-1-in-c-major-op-15-ii-largo	https://upload.wikimedia.org/wikipedia/commons/b/b4/Ludwig_van_Beethoven_-_piano_concerto_no._1_in_c_major%2C_op._15_-_ii._largo.ogg	Public domain	Ludwig van Beethoven - piano concerto no. 1 in c major, op. 15 - ii. largo.ogg
klassik	ludwig-van-beethoven-sonata-no-14-in-c-sharp-minor-moonlight-op-27-no-	https://upload.wikimedia.org/wikipedia/commons/4/48/Ludwig_van_Beethoven_-_sonata_no._14_in_c_sharp_minor_%27moonlight%27%2C_op._27_no._2_-_i._adagio_sostenuto.ogg	Public domain	Ludwig van Beethoven - sonata no. 14 in c sharp minor 'moonlight', op. 27 no. 2 - i. adagio sostenuto.ogg
klassik	ludwig-van-beethoven-sonata-no-15-in-d-major-op-28-pastorale-ii-andant	https://upload.wikimedia.org/wikipedia/commons/4/49/Ludwig_van_Beethoven_-_sonata_no._15_in_d_major%2C_op._28_%27pastorale%27_-_ii._andante.ogg	Public domain	Ludwig van Beethoven - sonata no. 15 in d major, op. 28 'pastorale' - ii. andante.ogg
klassik	ludwig-van-beethoven-symphony-no-6-in-f-major-pastoral-op-68-ii-andant	https://upload.wikimedia.org/wikipedia/commons/a/a9/Ludwig_van_Beethoven_-_symphony_no._6_in_f_major_%27pastoral%27%2C_op._68_-_ii._andante_molto_mosso.ogg	Public domain	Ludwig van Beethoven - symphony no. 6 in f major 'pastoral', op. 68 - ii. andante molto mosso.ogg
klassik	mozart-concerto-no-17-in-g-ii-andante	https://upload.wikimedia.org/wikipedia/commons/e/ef/Mozart_-_Concerto_No.17_in_G_-_II._Andante.ogg	CC0	Mozart - Concerto No.17 in G - II. Andante.ogg
klassik	mozart-serenade-no-13-for-strings-in-g-major-k-525-romanze	https://upload.wikimedia.org/wikipedia/commons/4/40/Mozart_-_Serenade_No._13_for_strings_in_G_major%2C_K._525_-_Romanze.ogg	Public domain	Mozart - Serenade No. 13 for strings in G major, K. 525 - Romanze.ogg
klassik	mozart-string-quartet-no-15-in-d-minor-k421-ii-andante	https://upload.wikimedia.org/wikipedia/commons/2/21/Mozart_-_String_Quartet_No._15_in_D_minor%2C_K421_-_II._Andante_%28Musopen_String_Quartet%29.flac	Public domain	Mozart - String Quartet No. 15 in D minor, K421 - II. Andante (Musopen String Quartet).flac
klassik	mozart-string-quartet-no-19-in-c-major-k465-dissonance-ii-andante-cant	https://upload.wikimedia.org/wikipedia/commons/7/7f/Mozart_-_String_Quartet_No._19_in_C_major%2C_K465_%27Dissonance%27_-_II._Andante_cantabile_%28Musopen_String_Quartet%29.flac	Public domain	Mozart - String Quartet No. 19 in C major, K465 'Dissonance' - II. Andante cantabile (Musopen String Quartet).flac
klassik	mozart-symphony-no-40-in-g-minor-k550-ii-andante	https://upload.wikimedia.org/wikipedia/commons/4/43/Mozart_-_Symphony_No._40_in_G_minor%2C_K550_-_II._Andante_%28Musopen_Symphony%29.flac	Public domain	Mozart - Symphony No. 40 in G minor, K550 - II. Andante (Musopen Symphony).flac
klassik	mozart-concerto-no-1-in-f-major-ii-andante-mozart-european-archive	https://upload.wikimedia.org/wikipedia/commons/8/81/Mozart_Concerto_No.1_in_F_major_II._Andante_%28Mozart%29_European_Archive.ogg	Public domain	Mozart Concerto No.1 in F major II. Andante (Mozart) European Archive.ogg
romantik	borodin-in-the-steppes-of-central-asia	https://upload.wikimedia.org/wikipedia/commons/c/c6/Borodin_-_In_the_Steppes_of_Central_Asia_%28Musopen_Symphony%29.flac	Public domain	Borodin - In the Steppes of Central Asia (Musopen Symphony).flac
romantik	antonin-dvorak-symphony-no-9-in-e-minor-from-the-new-world-op-95-ii-la	https://upload.wikimedia.org/wikipedia/commons/c/c3/Antonin_Dvorak_-_symphony_no._9_in_e_minor_%27from_the_new_world%27%2C_op._95_-_ii._largo.ogg	Public domain	Antonin Dvorak - symphony no. 9 in e minor 'from the new world', op. 95 - ii. largo.ogg
romantik	bedrich-smetana-ma-vlast-i-vltava-the-moldau	https://upload.wikimedia.org/wikipedia/commons/0/08/Bedrich_Smetana_-_ma_vlast_-_i._vltava_%27the_moldau%27.ogg	Public domain	Bedrich Smetana - ma vlast - i. vltava 'the moldau'.ogg
romantik	borodin-string-quartet-no-2-in-d-major-iii-notturno-andante	https://upload.wikimedia.org/wikipedia/commons/5/5a/Borodin_-_String_Quartet_No._2_in_D_major_-_III._Notturno._Andante_%28Musopen_String_Quartet%29.flac	Public domain	Borodin - String Quartet No. 2 in D major - III. Notturno. Andante (Musopen String Quartet).flac
romantik	brahms-symphony-no-1-in-c-minor-op-68-ii-andante-sostenuto	https://upload.wikimedia.org/wikipedia/commons/f/f3/Brahms_-_Symphony_No._1_in_C_minor%2C_Op._68_-_II._Andante_sostenuto_%28Musopen_Symphony%29.flac	Public domain	Brahms - Symphony No. 1 in C minor, Op. 68 - II. Andante sostenuto (Musopen Symphony).flac
romantik	brahms-symphony-no-3-in-f-major-op-90-iii-poco-allegretto	https://upload.wikimedia.org/wikipedia/commons/1/1f/Brahms_-_Symphony_No._3_in_F_major%2C_Op._90_-_III._Poco_allegretto_%28Musopen_Symphony%29.flac	Public domain	Brahms - Symphony No. 3 in F major, Op. 90 - III. Poco allegretto (Musopen Symphony).flac
romantik	chopin-andante-spianato-grande-polonaise-op-22	https://upload.wikimedia.org/wikipedia/commons/4/4c/Chopin_-_Andante_spianato_%26_Grande_Polonaise%2C_Op._22_%28Olga_Gurevich%29.flac	Public domain	Chopin - Andante spianato & Grande Polonaise, Op. 22 (Olga Gurevich).flac
romantik	chopin-nocturne-no-2-in-e-flat-major-op-9-no-2	https://upload.wikimedia.org/wikipedia/commons/8/89/Chopin_-_Nocturne_No._2_in_E-flat_major%2C_Op._9_No._2_%28Frank_Levy%29.flac	Public domain	Chopin - Nocturne No. 2 in E-flat major, Op. 9 No. 2 (Frank Levy).flac
romantik	chopin-nocturne-no-5-in-f-sharp-major-op-15-no-2	https://upload.wikimedia.org/wikipedia/commons/9/90/Chopin_-_Nocturne_No._5_in_F-sharp_major%2C_Op._15_No._2_%28Luke_Faulkner%29.flac	Public domain	Chopin - Nocturne No. 5 in F-sharp major, Op. 15 No. 2 (Luke Faulkner).flac
romantik	chopin-nocturne-no-13-in-c-minor-op-48-no-1	https://upload.wikimedia.org/wikipedia/commons/f/f8/Chopin_-_Nocturne_No._13_in_C_minor%2C_Op._48_No._1_%28Luke_Faulkner%29.flac	Public domain	Chopin - Nocturne No. 13 in C minor, Op. 48 No. 1 (Luke Faulkner).flac
romantik	chopin-nocturne-no-17-in-b-major-op-62-no-1	https://upload.wikimedia.org/wikipedia/commons/3/31/Chopin_-_Nocturne_No._17_in_B_major%2C_Op._62_No._1_%28Olga_Gurevich%29.flac	Public domain	Chopin - Nocturne No. 17 in B major, Op. 62 No. 1 (Olga Gurevich).flac
romantik	a-midsummer-night-s-dream-op-61-nocturne	https://upload.wikimedia.org/wikipedia/commons/d/de/A_Midsummer_Night%27s_Dream%2C_Op._61_-_Nocturne.ogg	Public domain	A Midsummer Night's Dream, Op. 61 - Nocturne.ogg
romantik	mendelssohn-symphony-no-3-in-a-minor-op-56-scottish-iii-adagio	https://upload.wikimedia.org/wikipedia/commons/8/8e/Mendelssohn_-_Symphony_No._3_in_A_minor%2C_Op._56_%27Scottish%27_-_III._Adagio_%28Musopen_Symphony%29.flac	Public domain	Mendelssohn - Symphony No. 3 in A minor, Op. 56 'Scottish' - III. Adagio (Musopen Symphony).flac
romantik	franz-schubert-sonata-in-b-flat-d-960-ii-andante-sostenuto	https://upload.wikimedia.org/wikipedia/commons/e/e3/Franz_Schubert_-_sonata_in_b_flat%2C_d._960_-_ii._andante_sostenuto.ogg	Public domain	Franz Schubert - sonata in b flat, d. 960 - ii. andante sostenuto.ogg
romantik	grieg-peer-gynt-suite-no-1-op-46-i-morning-mood	https://upload.wikimedia.org/wikipedia/commons/c/c2/Grieg_-_Peer_Gynt_Suite_No._1%2C_Op._46_-_I._Morning_Mood_%28Musopen_Symphony%29.flac	Public domain	Grieg - Peer Gynt Suite No. 1, Op. 46 - I. Morning Mood (Musopen Symphony).flac
romantik	johann-strauss-g-schichten-aus-dem-wienerwald-op-325	https://upload.wikimedia.org/wikipedia/commons/1/19/Johann_Strauss_-_G%27schichten_aus_dem_Wienerwald%2C_Op.325.ogg	CC0	Johann Strauss - G'schichten aus dem Wienerwald, Op.325.ogg
romantik	johann-strauss-wiener-blut-op-354	https://upload.wikimedia.org/wikipedia/commons/a/a9/Johann_Strauss_-_Wiener_Blut_Op._354.ogg	CC0	Johann Strauss - Wiener Blut Op. 354.ogg
impressionismus	alexander-scriabin-prelude-no-1-op-67	https://upload.wikimedia.org/wikipedia/commons/e/e5/Alexander_Scriabin_-_prelude_no._1%2C_op._67.ogg	Public domain	Alexander Scriabin - prelude no. 1, op. 67.ogg
impressionismus	enrique-granados-danza-espanola-op-37-h-142-xii-arabesca	https://upload.wikimedia.org/wikipedia/commons/b/b3/Enrique_Granados_-_danza_espanola%2C_op._37%2C_h._142_-_xii._arabesca.ogg	Public domain	Enrique Granados - danza espanola, op. 37, h. 142 - xii. arabesca.ogg
impressionismus	isaac-albeniz-suite-espanola-op-47-leyenda	https://upload.wikimedia.org/wikipedia/commons/b/b1/Isaac_Albeniz_-_suite_espanola_op._47_-_leyenda.ogg	Public domain	Isaac Albeniz - suite espanola op. 47 - leyenda.ogg
impressionismus	sergei-rachmaninoff-piano-concerto-no-2-in-c-minor-op-18-ii-adagio-sos	https://upload.wikimedia.org/wikipedia/commons/a/a5/Sergei_Rachmaninoff_-_piano_concerto_no._2_in_c_minor%2C_op._18_-_ii._adagio_sostenuto.ogg	Public domain	Sergei Rachmaninoff - piano concerto no. 2 in c minor, op. 18 - ii. adagio sostenuto.ogg
impressionismus	mahler-symphony-no-4-in-g-major-3-ruhevoil-mahler-european-archive	https://upload.wikimedia.org/wikipedia/commons/c/c2/Mahler_Symphony_No.4_in_G_major_3._Ruhevoil_%28Mahler%29_European_Archive.ogg	Public domain	Mahler Symphony No.4 in G major 3. Ruhevoil (Mahler) European Archive.ogg
impressionismus	mahler-symphony-no-4-in-g-major-1-badachtig-nicht-ellen-mahler-europea	https://upload.wikimedia.org/wikipedia/commons/5/5d/Mahler_Symphony_No.4_in_G_major_1._Badachtig_Nicht_ellen_%28Mahler%29_European_Archive.ogg	Public domain	Mahler Symphony No.4 in G major 1. Badachtig Nicht ellen (Mahler) European Archive.ogg
impressionismus	alexander-glazunov-chant-du-menestrel-op-71	https://upload.wikimedia.org/wikipedia/commons/5/54/Alexander_Glazunov_-_chant_du_menestrel%2C_op._71.ogg	Public domain	Alexander Glazunov - chant du menestrel, op. 71.ogg
impressionismus	edvard-grieg-piano-concerto-in-a-minor-op-16-ii-adagio	https://upload.wikimedia.org/wikipedia/commons/9/9d/Edvard_Grieg_-_piano_concerto_in_a_minor%2C_op._16_-_ii._adagio.ogg	Public domain	Edvard Grieg - piano concerto in a minor, op. 16 - ii. adagio.ogg
impressionismus	camille-saint-saens-cello-concerto-no-1-in-a-minor-op-33-ii-allegretto	https://upload.wikimedia.org/wikipedia/commons/9/97/Camille_Saint-Saens_-_cello_concerto_no._1_in_a_minor%2C_op._33_-_ii._allegretto_con_mot.ogg	Public domain	Camille Saint-Saens - cello concerto no. 1 in a minor, op. 33 - ii. allegretto con mot.ogg
impressionismus	holst-venus	https://upload.wikimedia.org/wikipedia/commons/4/4c/Holst-_venus.ogg	Public domain	Holst- venus.ogg
impressionismus	gustav-holst-second-suite-in-f-ii-song-without-words-i-ll-love-my-love	https://upload.wikimedia.org/wikipedia/commons/9/95/Gustav_Holst_-_Second_Suite_in_F_-_II._Song_Without_Words_%22I%27ll_Love_My_Love%22.ogg	Public domain	Gustav Holst - Second Suite in F - II. Song Without Words "I'll Love My Love".ogg
impressionismus	chopin-nocturne-no-19-in-e-minor-op-72-no-1	https://upload.wikimedia.org/wikipedia/commons/2/2c/Chopin_-_Nocturne_No._19_in_E_minor%2C_Op._72_No._1_%28Luke_Faulkner%29.flac	Public domain	Chopin - Nocturne No. 19 in E minor, Op. 72 No. 1 (Luke Faulkner).flac
moderne	mahler-symphony-no-4-in-g-major-1-badachtig-nicht-ellen-mahler-europea	https://upload.wikimedia.org/wikipedia/commons/5/5d/Mahler_Symphony_No.4_in_G_major_1._Badachtig_Nicht_ellen_%28Mahler%29_European_Archive.ogg	Public domain	Mahler Symphony No.4 in G major 1. Badachtig Nicht ellen (Mahler) European Archive.ogg
moderne	mahler-symphony-no-4-in-g-major-2-in-gemachlicher-bewegung-mahler-euro	https://upload.wikimedia.org/wikipedia/commons/9/91/Mahler_Symphony_No.4_in_G_major_2._In_gemachlicher_Bewegung_%28Mahler%29_European_Archive.ogg	Public domain	Mahler Symphony No.4 in G major 2. In gemachlicher Bewegung (Mahler) European Archive.ogg
moderne	mahler-symphony-no-4-in-g-major-4-sehr-behaglich-mahler-european-archi	https://upload.wikimedia.org/wikipedia/commons/c/c9/Mahler_Symphony_No.4_in_G_major_4._Sehr_behaglich_%28Mahler%29_European_Archive.ogg	Public domain	Mahler Symphony No.4 in G major 4. Sehr behaglich (Mahler) European Archive.ogg
moderne	sergei-rachmaninoff-piano-concerto-no-2-in-c-minor-op-18-i-moderato	https://upload.wikimedia.org/wikipedia/commons/6/63/Sergei_Rachmaninoff_-_piano_concerto_no._2_in_c_minor%2C_op._18_-_i._moderato.ogg	Public domain	Sergei Rachmaninoff - piano concerto no. 2 in c minor, op. 18 - i. moderato.ogg
moderne	sergei-rachmaninoff-piano-concerto-no-2-in-c-minor-op-18-ii-adagio-sos	https://upload.wikimedia.org/wikipedia/commons/a/a5/Sergei_Rachmaninoff_-_piano_concerto_no._2_in_c_minor%2C_op._18_-_ii._adagio_sostenuto.ogg	Public domain	Sergei Rachmaninoff - piano concerto no. 2 in c minor, op. 18 - ii. adagio sostenuto.ogg
moderne	sergei-rachmaninoff-piano-concerto-no-2-in-c-minor-op-18-iii-allegro-s	https://upload.wikimedia.org/wikipedia/commons/1/16/Sergei_Rachmaninoff_-_piano_concerto_no._2_in_c_minor%2C_op._18_-_iii._allegro_scherzando.ogg	Public domain	Sergei Rachmaninoff - piano concerto no. 2 in c minor, op. 18 - iii. allegro scherzando.ogg
moderne	gustav-holst-the-planets-op-32-iv-jupiter-the-bringer-of-jollity	https://upload.wikimedia.org/wikipedia/commons/3/3f/Gustav_Holst_-_the_planets%2C_op._32_-_iv._jupiter%2C_the_bringer_of_jollity.ogg	Attribution	Gustav Holst - the planets, op. 32 - iv. jupiter, the bringer of jollity.ogg
moderne	holst-the-planets-mercury	https://upload.wikimedia.org/wikipedia/commons/8/89/Holst_The_Planets_Mercury.ogg	Public domain	Holst The Planets Mercury.ogg
moderne	holst-venus	https://upload.wikimedia.org/wikipedia/commons/4/4c/Holst-_venus.ogg	Public domain	Holst- venus.ogg
moderne	gustav-holst-second-suite-in-f-iv-fantasia-on-the-dargason	https://upload.wikimedia.org/wikipedia/commons/c/c0/Gustav_Holst_-_Second_Suite_in_F_-_IV._Fantasia_on_the_%22Dargason%22.ogg	Public domain	Gustav Holst - Second Suite in F - IV. Fantasia on the "Dargason".ogg
moderne	edward-elgar-cello-concerto-in-e-minor-op-85-iv-allegro	https://upload.wikimedia.org/wikipedia/commons/d/de/Edward_Elgar_-_cello_concerto_in_e_minor%2C_op._85_-_iv._allegro.ogg	Public domain	Edward Elgar - cello concerto in e minor, op. 85 - iv. allegro.ogg
moderne	alexander-glazunov-chant-du-menestrel-op-71	https://upload.wikimedia.org/wikipedia/commons/5/54/Alexander_Glazunov_-_chant_du_menestrel%2C_op._71.ogg	Public domain	Alexander Glazunov - chant du menestrel, op. 71.ogg
moderne	alexander-scriabin-prelude-no-1-op-67	https://upload.wikimedia.org/wikipedia/commons/e/e5/Alexander_Scriabin_-_prelude_no._1%2C_op._67.ogg	Public domain	Alexander Scriabin - prelude no. 1, op. 67.ogg
moderne	sergei-rachmaninoff-etudes-tableaux-op-39-no-5	https://upload.wikimedia.org/wikipedia/commons/8/8a/Sergei_Rachmaninoff_-_Etudes-Tableaux%2C_Op._39%2C_No._5.oga	Public domain	Sergei Rachmaninoff - Etudes-Tableaux, Op. 39, No. 5.oga
default	bach-j-s-goldberg-variations-bwv988-01-aria	https://upload.wikimedia.org/wikipedia/commons/e/e6/Bach%2C_J_S_-_Goldberg_Variations%2C_BWV988_-_01._Aria_%28Shelley_Katz%29.flac	Public domain	Bach, J S - Goldberg Variations, BWV988 - 01. Aria (Shelley Katz).flac
default	albinoni-concerto-for-oboe-and-strings-no-2-in-d-minor-op-9-ii-adagio	https://upload.wikimedia.org/wikipedia/commons/d/da/Albinoni%2C_Concerto_for_Oboe_and_Strings_No._2_in_D_minor%2C_Op._9%2C_II._Adagio.ogg	CC0	Albinoni, Concerto for Oboe and Strings No. 2 in D minor, Op. 9, II. Adagio.ogg
default	mozart-serenade-no-13-for-strings-in-g-major-k-525-romanze	https://upload.wikimedia.org/wikipedia/commons/4/40/Mozart_-_Serenade_No._13_for_strings_in_G_major%2C_K._525_-_Romanze.ogg	Public domain	Mozart - Serenade No. 13 for strings in G major, K. 525 - Romanze.ogg
default	beethoven-sonata-no-8-in-c-minor-pathetique-op-13-ii-adagio-cantabile	https://upload.wikimedia.org/wikipedia/commons/6/63/Beethoven%2C_Sonata_No._8_in_C_Minor_Pathetique%2C_Op._13_-_II._Adagio_cantabile.ogg	CC0	Beethoven, Sonata No. 8 in C Minor Pathetique, Op. 13 - II. Adagio cantabile.ogg
default	chopin-nocturne-no-2-in-e-flat-major-op-9-no-2	https://upload.wikimedia.org/wikipedia/commons/8/89/Chopin_-_Nocturne_No._2_in_E-flat_major%2C_Op._9_No._2_%28Frank_Levy%29.flac	Public domain	Chopin - Nocturne No. 2 in E-flat major, Op. 9 No. 2 (Frank Levy).flac
default	antonin-dvorak-symphony-no-9-in-e-minor-from-the-new-world-op-95-ii-la	https://upload.wikimedia.org/wikipedia/commons/c/c3/Antonin_Dvorak_-_symphony_no._9_in_e_minor_%27from_the_new_world%27%2C_op._95_-_ii._largo.ogg	Public domain	Antonin Dvorak - symphony no. 9 in e minor 'from the new world', op. 95 - ii. largo.ogg
default	grieg-peer-gynt-suite-no-1-op-46-i-morning-mood	https://upload.wikimedia.org/wikipedia/commons/c/c2/Grieg_-_Peer_Gynt_Suite_No._1%2C_Op._46_-_I._Morning_Mood_%28Musopen_Symphony%29.flac	Public domain	Grieg - Peer Gynt Suite No. 1, Op. 46 - I. Morning Mood (Musopen Symphony).flac
default	a-midsummer-night-s-dream-op-61-nocturne	https://upload.wikimedia.org/wikipedia/commons/d/de/A_Midsummer_Night%27s_Dream%2C_Op._61_-_Nocturne.ogg	Public domain	A Midsummer Night's Dream, Op. 61 - Nocturne.ogg
default	sergei-rachmaninoff-piano-concerto-no-2-in-c-minor-op-18-ii-adagio-sos	https://upload.wikimedia.org/wikipedia/commons/a/a5/Sergei_Rachmaninoff_-_piano_concerto_no._2_in_c_minor%2C_op._18_-_ii._adagio_sostenuto.ogg	Public domain	Sergei Rachmaninoff - piano concerto no. 2 in c minor, op. 18 - ii. adagio sostenuto.ogg
default	mahler-symphony-no-4-in-g-major-3-ruhevoil-mahler-european-archive	https://upload.wikimedia.org/wikipedia/commons/c/c2/Mahler_Symphony_No.4_in_G_major_3._Ruhevoil_%28Mahler%29_European_Archive.ogg	Public domain	Mahler Symphony No.4 in G major 3. Ruhevoil (Mahler) European Archive.ogg
default	borodin-string-quartet-no-2-in-d-major-iii-notturno-andante	https://upload.wikimedia.org/wikipedia/commons/5/5a/Borodin_-_String_Quartet_No._2_in_D_major_-_III._Notturno._Andante_%28Musopen_String_Quartet%29.flac	Public domain	Borodin - String Quartet No. 2 in D major - III. Notturno. Andante (Musopen String Quartet).flac
default	franz-schubert-sonata-in-b-flat-d-960-ii-andante-sostenuto	https://upload.wikimedia.org/wikipedia/commons/e/e3/Franz_Schubert_-_sonata_in_b_flat%2C_d._960_-_ii._andante_sostenuto.ogg	Public domain	Franz Schubert - sonata in b flat, d. 960 - ii. andante sostenuto.ogg
